{"cameraMode":{"drawMode":0,"name":"Shaded","section":"Shading Mode"},"sceneLighting":true,"audioPlay":false,"sceneViewState":{"showFog":true,"showMaterialUpdate":false,"showSkybox":true,"showFlares":true,"showImageEffects":true,"showParticleSystems":true},"in2DMode":false,"pivot":{"x":17.796138763427736,"y":9.552343368530274,"z":13.221687316894532},"rotation":{"x":0.43709972500801089,"y":-0.00944356620311737,"z":0.004589743446558714,"w":0.8993518948554993},"size":8.83698558807373,"orthographic":true}