{"cameraMode":{"drawMode":0,"name":"Shaded","section":"Shading Mode"},"sceneLighting":true,"audioPlay":false,"sceneViewState":{"showFog":true,"showMaterialUpdate":false,"showSkybox":true,"showFlares":true,"showImageEffects":true,"showParticleSystems":true},"in2DMode":false,"pivot":{"x":20.05581283569336,"y":2.3091421127319338,"z":6.04278564453125},"rotation":{"x":0.03087283857166767,"y":-0.03597512096166611,"z":0.0011118485126644374,"w":0.9988755583763123},"size":10.592517852783204,"orthographic":false}