{"cameraMode":{"drawMode":0,"name":"Shaded","section":"Shading Mode"},"sceneLighting":true,"audioPlay":false,"sceneViewState":{"showFog":true,"showMaterialUpdate":false,"showSkybox":true,"showFlares":true,"showImageEffects":true,"showParticleSystems":true},"in2DMode":false,"pivot":{"x":-45.33000946044922,"y":-7.645703315734863,"z":-3.4886627197265627},"rotation":{"x":-0.06584885716438294,"y":-0.9334256052970886,"z":0.2677037715911865,"w":-0.22960612177848817},"size":19.224506378173829,"orthographic":true}