{"cameraMode":{"drawMode":0,"name":"Shaded","section":"Shading Mode"},"sceneLighting":true,"audioPlay":false,"sceneViewState":{"showFog":true,"showMaterialUpdate":false,"showSkybox":true,"showFlares":true,"showImageEffects":true,"showParticleSystems":true},"in2DMode":false,"pivot":{"x":-33.23965072631836,"y":30.81093978881836,"z":1.8820816278457642},"rotation":{"x":-0.4294659197330475,"y":-0.5616803169250488,"z":0.428914338350296,"w":-0.5623206496238709},"size":72.13325500488281,"orthographic":true}