{"cameraMode":{"drawMode":0,"name":"Shaded","section":"Shading Mode"},"sceneLighting":false,"audioPlay":false,"sceneViewState":{"showFog":false,"showMaterialUpdate":false,"showSkybox":false,"showFlares":false,"showImageEffects":false,"showParticleSystems":false},"in2DMode":false,"pivot":{"x":1.4062505960464478,"y":2.0,"z":1.5937494039535523},"rotation":{"x":-0.004664488602429628,"y":0.9819073677062988,"z":-0.1890297383069992,"w":-0.019581086933612825},"size":3.013317584991455,"orthographic":false}