{"cameraMode":{"drawMode":0,"name":"Shaded","section":"Shading Mode"},"sceneLighting":true,"audioPlay":false,"sceneViewState":{"showFog":false,"showMaterialUpdate":false,"showSkybox":false,"showFlares":false,"showImageEffects":false,"showParticleSystems":false},"in2DMode":false,"pivot":{"x":-84.85718536376953,"y":-31.06200408935547,"z":-36.69816589355469},"rotation":{"x":0.17748309671878816,"y":-0.7166096568107605,"z":0.19717103242874146,"w":0.6450568437576294},"size":76.55742645263672,"orthographic":false}