{"cameraMode":{"drawMode":0,"name":"Shaded","section":"Shading Mode"},"sceneLighting":true,"audioPlay":false,"sceneViewState":{"showFog":false,"showMaterialUpdate":false,"showSkybox":false,"showFlares":false,"showImageEffects":false,"showParticleSystems":false},"in2DMode":false,"pivot":{"x":-71.89834594726563,"y":-54.83030319213867,"z":-24.647586822509767},"rotation":{"x":0.17748309671878816,"y":-0.7166096568107605,"z":0.19717103242874146,"w":0.6450568437576294},"size":108.08329010009766,"orthographic":false}